{
  "num_episodes": 5000,
  "final_epsilon": 0.01,
  "mean_reward": 0.5644,
  "std_reward": 0.4958352952342138,
  "mean_steps_to_goal": 34.3816,
  "std_steps_to_goal": 24.691423236419563,
  "success_rate": 0.5644,
  "q_table_max": 0.8598192512583258,
  "q_table_min": 0.0,
  "q_table_mean": 0.21225878073291576
}